{
 "w_tree": 0.4,
 "w_cnn": 0.6,
 "t_lo": 0.10607180733333334,
 "t_hi": 0.7584863146666667,
 "t_bin": 0.5940805446666666,
 "t_susp": 0.75
}