{
 "fusion": "gbm_4",
 "inputs": [
  "tmean",
  "cnn",
  "cnn_std",
  "tree_std"
 ],
 "t_lo": 0.04059772938489914,
 "t_hi": 0.8492226600646973,
 "t_bin": 0.6498336791992188
}